  45,  49,  72, 107, 145, 173, 185, 180, 165, 144, 122, 103,90101501011
  89,  87,  99, 124, 153, 176, 188, 185, 170, 144, 110,  74,90101501012
  42,  27,  36,  68, 112, 152, 178, 188, 186, 174, 152, 123,90101501021
  96,  80,  83, 103, 135, 168, 191, 200, 192, 168, 134,  92,90101501022
  51,  19,   9,  26,  66, 113, 151, 176, 188, 187, 174, 149,90101501031
 118,  90,  78,  87, 114, 150, 182, 203, 208, 196, 169, 130,90101501032
  86,  46,  21,  20,  46,  90, 136, 173, 195, 203, 197, 176,90101501041
 144, 108,  83,  77,  95, 129, 169, 201, 218, 217, 198, 163,90101501042
 118,  70,  31,  12,  21,  57, 106, 152, 185, 203, 206, 194,90101501051
 165, 126,  89,  69,  73, 101, 141, 179, 207, 219, 212, 188,90101501052
 148, 101,  57,  27,  21,  45,  91, 144, 188, 218, 230, 225,90101501061
 202, 163, 119,  84,  69,  80, 113, 155, 193, 216, 220, 203,90101501062
 169, 124,  76,  34,  10,  14,  48, 102, 155, 194, 213, 213,90101501071
 196, 164, 123,  85,  61,  63,  89, 130, 170, 198, 209, 202,90101501072
 178, 141,  96,  51,  19,  10,  31,  75, 127, 170, 196, 205,90101501081
 198, 176, 142, 103,  71,  58,  71, 105, 148, 184, 204, 207,90101501082
 192, 163, 124,  80,  43,  21,  26,  58, 105, 151, 184, 199,90101501091
 199, 184, 155, 118,  83,  63,  64,  87, 124, 161, 187, 198,90101501092
 194, 175, 143, 104,  65,  36,  26,  42,  80, 126, 164, 187,90101501101
 194, 188, 168, 137, 102,  75,  65,  76, 104, 139, 170, 189,90101501102
 193, 183, 161, 131,  98,  68,  50,  51,  75, 115, 156, 185,90101501111
 199, 198, 183, 157, 125,  95,  77,  74,  89, 115, 144, 167,90101501112
 178, 174, 157, 133, 105,  79,  58,  51,  61,  88, 123, 153,90101501121
 172, 178, 172, 155, 131, 103,  81,  69,  70,  84, 106, 130,90101501122
 149, 158, 156, 144, 124, 101,  81,  70,  71,  85, 109, 136,90101501131
 158, 171, 172, 164, 149, 128, 107,  89,  78,  77,  86, 105,90101501132
 128, 149, 159, 156, 146, 132, 117, 103,  94,  95, 108, 129,90101501141
 151, 166, 173, 171, 164, 152, 136, 118, 101,  89,  85,  92,90101501142
 110, 134, 153, 163, 163, 159, 150, 136, 120, 107, 104, 112,90101501151
 128, 147, 162, 171, 174, 169, 156, 137, 115,  92,  74,  64,90101501152
  67,  82, 108, 135, 155, 165, 166, 161, 150, 135, 119, 110,90101501161
 113, 127, 148, 168, 183, 189, 186, 175, 157, 131, 101,  73,90101501162
  54,  52,  68,  99, 134, 163, 179, 182, 174, 157, 133, 108,90101501171
  88,  82,  91, 113, 142, 169, 186, 187, 174, 148, 113,  75,90101501172
  41,  22,  26,  54,  96, 137, 167, 183, 189, 183, 164, 134,90101501181
 101,  79,  77,  97, 131, 168, 196, 209, 205, 186, 153, 111,90101501182
  68,  33,  17,  25,  57, 104, 149, 183, 202, 205, 191, 161,90101501191
 121,  82,  58,  58,  84, 127, 172, 205, 219, 212, 184, 141,90101501192
  90,  40,   2, -11,   9,  56, 113, 162, 195, 211, 209, 189,90101501201
 152, 105,  65,  45,  54,  90, 139, 185, 215, 225, 212, 178,90101501202
 127,  70,  17, -17, -21,  10,  65, 124, 174, 205, 218, 211,90101501211
 184, 139,  90,  52,  40,  60, 105, 158, 204, 231, 236, 217,90101501212
 177, 123,  64,  14, -13,  -6,  35,  95, 155, 200, 227, 233,90101501221
 218, 180, 127,  74,  38,  33,  60, 110, 164, 205, 225, 223,90101501222
 197, 153,  97,  41,  -4, -23,  -7,  40, 102, 159, 199, 218,90101501231
 216, 192, 150,  99,  53,  28,  34,  70, 123, 173, 209, 224,90101501232
 218, 190, 145,  92,  42,   8,   2,  28,  77, 133, 179, 207,90101501241
 217, 209, 180, 135,  85,  45,  29,  42,  80, 129, 173, 201,90101501242
 210, 199, 169, 125,  78,  38,  17,  22,  54, 101, 147, 182,90101501251
 201, 204, 189, 158, 115,  74,  45,  38,  56,  92, 134, 170,90101501252
 191, 196, 184, 156, 120,  84,  58,  51,  66,  98, 138, 172,90101501261
 194, 204, 201, 185, 156, 120,  87,  64,  57,  69,  98, 134,90101501262
 165, 181, 182, 171, 150, 124,  98,  80,  76,  90, 117, 147,90101501271
 173, 187, 191, 184, 167, 142, 112,  84,  66,  60,  70,  93,90101501272
 122, 147, 163, 166, 158, 143, 124, 106,  94,  93, 105, 126,90101501281
 150, 167, 175, 175, 170, 158, 141, 119,  95,  75,  63,  65,90101501282
  80, 105, 130, 147, 153, 151, 144, 134, 122, 110, 105, 108,90101501291
 120, 137, 152, 162, 167, 166, 159, 144, 124, 100,  79,  64,90101501292
  61,  73,  97, 125, 147, 159, 162, 159, 151, 139, 124, 112,90101501301
 108, 114, 128, 145, 161, 172, 175, 168, 153, 129, 100,  71,90101501302
  49,  41,  51,  78, 111, 140, 159, 165, 163, 152, 134, 112,90101501311
  93,  84,  89, 107, 132, 157, 174, 180, 171, 149, 118,  83,90101501312
  50,  28,  25,  42,  77, 117, 149, 167, 173, 168, 153, 129,90101502011
 100,  77,  69,  81, 108, 140, 168, 183, 184, 171, 145, 110,90101502012
  70,  34,  13,  16,  44,  88, 132, 163, 180, 182, 172, 149,90101502021
 117,  85,  65,  65,  85, 120, 156, 184, 197, 193, 172, 139,90101502022
  96,  52,  17,   3,  18,  58, 108, 152, 179, 191, 187, 168,90101502031
 135,  97,  64,  50,  59,  90, 132, 170, 195, 203, 192, 164,90101502032
 123,  75,  33,   6,   7,  37,  86, 137, 175, 197, 202, 190,90101502041
 162, 122,  81,  54,  51,  75, 116, 161, 195, 214, 213, 194,90101502042
 159, 112,  64,  25,   8,  21,  61, 115, 163, 195, 207, 201,90101502051
 176, 138,  94,  56,  37,  45,  79, 126, 171, 199, 206, 194,90101502052
 165, 123,  76,  32,   4,   3,  33,  84, 138, 179, 201, 204,90101502061
 187, 154, 110,  68,  40,  36,  59, 100, 146, 183, 202, 202,90101502062
 183, 148, 104,  60,  26,  13,  29,  69, 120, 166, 195, 207,90101502071
 200, 175, 136,  93,  58,  42,  53,  87, 132, 174, 201, 210,90101502072
 201, 176, 139,  97,  59,  34,  34,  60, 107, 156, 192, 208,90101502081
 204, 183, 149, 107,  65,  36,  29,  48,  88, 133, 169, 187,90101502082
 187, 170, 140, 102,  64,  35,  25,  40,  76, 123, 163, 187,90101502091
 191, 179, 153, 118,  81,  52,  39,  47,  74, 113, 151, 178,90101502092
 188, 181, 162, 133, 100,  70,  51,  53,  78, 116, 155, 183,90101502101
 195, 193, 178, 152, 119,  87,  64,  59,  73, 103, 138, 168,90101502102
 184, 186, 176, 158, 133, 107,  85,  76,  85, 110, 143, 172,90101502111
 189, 193, 185, 168, 143, 114,  89,  74,  73,  88, 113, 141,90101502112
 164, 176, 175, 165, 149, 131, 112, 100,  98, 110, 133, 158,90101502121
 177, 187, 187, 178, 161, 140, 116,  95,  81,  77,  84, 101,90101502122
 123, 144, 157, 161, 157, 146, 132, 117, 104, 100, 105, 120,90101502131
 139, 155, 165, 166, 160, 149, 134, 116,  97,  81,  71,  72,90101502132
  84, 104, 127, 145, 155, 157, 155, 148, 136, 121, 110, 106,90101502141
 113, 126, 142, 156, 165, 166, 159, 144, 124, 100,  77,  59,90101502142
  54,  63,  86, 115, 142, 160, 169, 169, 161, 145, 124, 105,90101502151
  94,  97, 113, 136, 159, 176, 183, 177, 159, 132, 100,  69,90101502152
  44,  36,  48,  79, 116, 150, 173, 186, 189, 179, 156, 125,90101502161
  96,  79,  84, 107, 141, 174, 197, 207, 200, 177, 142,  99,90101502162
  58,  28,  20,  39,  79, 125, 165, 193, 207, 207, 190, 157,90101502171
 114,  77,  58,  66,  99, 146, 189, 218, 226, 213, 182, 138,90101502172
  87,  39,   7,   2,  28,  77, 132, 176, 205, 216, 209, 181,90101502181
 136,  86,  47,  32,  50,  94, 148, 195, 224, 230, 214, 178,90101502182
 125,  67,  16, -13,  -9,  31,  90, 149, 193, 219, 226, 209,90101502191
 170, 115,  60,  22,  16,  44,  97, 156, 203, 229, 231, 208,90101502192
 162, 103,  43,  -2, -19,  -1,  48, 110, 165, 204, 225, 224,90101502201
 199, 151,  92,  39,  11,  17,  57, 114, 170, 211, 232, 230,90101502202
 203, 154,  94,  37,  -1,  -9,  20,  74, 135, 186, 219, 232,90101502211
 222, 187, 133,  74,  29,  12,  30,  77, 135, 187, 222, 238,90101502212
 229, 196, 145,  89,  42,  18,  26,  64, 119, 172, 211, 233,90101502221
 234, 213, 171, 118,  66,  29,  21,  46,  94, 149, 193, 219,90101502222
 224, 209, 174, 127,  80,  45,  34,  50,  90, 139, 183, 211,90101502231
 219, 208, 179, 138,  92,  52,  29,  31,  60, 105, 150, 184,90101502232
 202, 202, 186, 155, 117,  82,  61,  61,  84, 123, 163, 193,90101502241
 208, 208, 193, 165, 128,  91,  60,  45,  52,  80, 120, 156,90101502242
 180, 188, 183, 167, 143, 116,  93,  81,  88, 110, 142, 170,90101502251
 188, 194, 189, 174, 151, 122,  93,  70,  60,  67,  89, 119,90101502252
 146, 163, 169, 165, 155, 140, 123, 109, 104, 111, 129, 151,90101502261
 169, 178, 180, 174, 162, 145, 124, 102,  83,  72,  71,  82,90101502262
 102, 126, 145, 156, 156, 150, 139, 126, 113, 106, 106, 113,90101502271
 124, 136, 147, 154, 155, 149, 136, 119,  98,  79,  65,  59,90101502272
  64,  80, 103, 124, 137, 142, 142, 139, 133, 123, 112, 105,90101502281
 106, 115, 127, 139, 148, 155, 157, 153, 140, 120,  98,  79,90101502282
  70,  74,  91, 115, 139, 157, 169, 174, 173, 162, 144, 123,90101503011
 106,  98, 103, 118, 140, 162, 176, 179, 169, 149, 121,  91,90101503012
  64,  48,  51,  75, 110, 146, 170, 181, 180, 171, 153, 129,90101503021
 103,  85,  81,  93, 119, 149, 176, 192, 193, 177, 148, 112,90101503022
  76,  48,  38,  49,  80, 121, 158, 183, 194, 191, 175, 148,90101503031
 115,  87,  72,  77, 102, 138, 174, 200, 210, 202, 179, 143,90101503032
 101,  60,  33,  28,  49,  90, 137, 176, 198, 201, 188, 161,90101503041
 124,  84,  52,  41,  55,  92, 139, 180, 204, 206, 188, 156,90101503042
 114,  69,  32,  14,  23,  59, 110, 156, 187, 200, 194, 173,90101503051
 137,  94,  55,  34,  39,  69, 114, 159, 191, 205, 201, 178,90101503052
 140,  93,  48,  18,  15,  42,  89, 138, 176, 198, 203, 190,90101503061
 158, 114,  69,  37,  30,  51,  94, 142, 181, 203, 208, 196,90101503062
 165, 120,  72,  34,  18,  31,  71, 123, 170, 200, 212, 204,90101503071
 178, 137,  90,  49,  28,  34,  68, 116, 164, 197, 211, 205,90101503072
 180, 140,  93,  50,  25,  26,  55, 103, 151, 188, 207, 209,90101503081
 191, 155, 109,  64,  34,  29,  52,  95, 143, 183, 206, 212,90101503082
 200, 170, 128,  84,  50,  39,  56,  96, 145, 187, 213, 219,90101503091
 208, 178, 136,  89,  50,  30,  37,  71, 120, 168, 201, 213,90101503092
 205, 181, 145, 103,  64,  37,  33,  56, 101, 150, 186, 202,90101503101
 196, 173, 136,  93,  51,  23,  16,  37,  80, 129, 170, 193,90101503102
 197, 184, 157, 122,  85,  56,  45,  57,  90, 133, 170, 191,90101503111
 194, 182, 157, 123,  85,  51,  32,  35,  61, 103, 146, 176,90101503112
 189, 185, 171, 148, 121,  93,  73,  70,  87, 118, 152, 177,90101503121
 188, 184, 166, 139, 107,  76,  51,  40,  49,  76, 112, 145,90101503122
 166, 173, 169, 157, 139, 118,  98,  88,  92, 110, 137, 163,90101503131
 180, 185, 179, 163, 140, 114,  87,  67,  60,  67,  87, 114,90101503132
 138, 154, 160, 158, 151, 140, 125, 110, 100, 101, 113, 130,90101503141
 148, 160, 163, 159, 147, 130, 110,  90,  73,  63,  63,  75,90101503142
  96, 120, 139, 150, 154, 153, 149, 139, 124, 111, 105, 109,90101503151
 120, 135, 150, 161, 166, 161, 148, 128, 106,  85,  68,  59,90101503152
  63,  80, 105, 131, 151, 164, 168, 166, 154, 136, 114,  97,90101503161
  91, 100, 119, 143, 164, 177, 178, 168, 147, 119,  89,  62,90101503162
  44,  44,  64,  97, 132, 159, 177, 185, 181, 164, 136, 103,90101503171
  77,  67,  77, 105, 141, 174, 196, 202, 190, 163, 126,  85,90101503172
  48,  25,  26,  53,  98, 145, 182, 205, 211, 202, 175, 135,90101503181
  93,  61,  52,  69, 109, 156, 197, 221, 225, 209, 176, 132,90101503182
  85,  43,  20,  25,  59, 111, 163, 203, 225, 226, 206, 165,90101503191
 113,  61,  27,  22,  50, 100, 154, 198, 224, 227, 208, 166,90101503192
 112,  57,  15,  -1,  17,  64, 123, 176, 214, 231, 225, 194,90101503201
 143,  85,  34,   7,  14,  54, 112, 169, 213, 236, 235, 208,90101503202
 160, 101,  46,  10,   4,  33,  87, 148, 198, 229, 238, 222,90101503211
 181, 123,  63,  17,   0,  19,  69, 133, 189, 228, 245, 238,90101503212
 205, 152,  93,  43,  16,  22,  60, 119, 176, 219, 240, 237,90101503221
 208, 159,  97,  40,   1,  -5,  24,  80, 143, 194, 225, 235,90101503222
 220, 183, 131,  77,  37,  21,  38,  82, 137, 185, 215, 224,90101503231
 210, 175, 125,  68,  18,  -9,  -4,  36,  95, 152, 194, 215,90101503232
 215, 195, 156, 109,  65,  39,  38,  63, 107, 154, 189, 207,90101503241
 204, 184, 147, 100,  52,  15,   1,  16,  57, 108, 153, 180,90101503242
 191, 185, 164, 132,  95,  64,  51,  61,  92, 132, 167, 188,90101503251
 194, 184, 162, 128,  88,  50,  23,  18,  37,  75, 118, 150,90101503252
 168, 172, 164, 146, 120,  92,  73,  70,  85, 114, 144, 166,90101503261
 177, 177, 166, 146, 119,  88,  60,  43,  43,  62,  94, 127,90101503262
 151, 162, 163, 156, 144, 127, 109,  97,  97, 110, 132, 154,90101503271
 169, 175, 171, 162, 146, 127, 104,  84,  71,  71,  84, 107,90101503272
 131, 149, 158, 160, 157, 152, 142, 130, 119, 115, 121, 133,90101503281
 147, 159, 167, 169, 165, 154, 139, 121, 104,  91,  86,  89,90101503282
 102, 122, 141, 156, 162, 163, 160, 153, 142, 130, 121, 117,90101503291
 120, 128, 139, 151, 161, 166, 162, 150, 132, 113,  96,  84,90101503292
  81,  90, 109, 133, 153, 165, 169, 167, 160, 146, 128, 111,90101503301
 100, 101, 112, 131, 153, 170, 178, 174, 160, 139, 115,  91,90101503302
  74,  69,  81, 105, 135, 160, 176, 181, 177, 164, 142, 116,90101503311
  94,  83,  89, 109, 138, 167, 187, 194, 187, 170, 143, 112,90101503312
  83,  65,  66,  88, 123, 159, 186, 201, 202, 192, 169, 138,90101504011
 105,  79,  70,  81, 109, 143, 172, 190, 193, 181, 156, 121,90101504012
  83,  51,  36,  46,  78, 122, 163, 190, 200, 194, 173, 141,90101504021
 103,  70,  53,  57,  83, 124, 165, 197, 213, 212, 193, 159,90101504022
 118,  79,  54,  50,  73, 116, 164, 203, 223, 225, 208, 177,90101504031
 137,  96,  65,  54,  68, 105, 153, 195, 222, 228, 213, 181,90101504032
 138,  92,  55,  37,  46,  81, 129, 173, 203, 213, 205, 178,90101504041
 138,  91,  50,  27,  32,  65, 114, 161, 195, 212, 211, 193,90101504042
 159, 114,  71,  44,  43,  69, 114, 162, 200, 221, 220, 198,90101504051
 159, 111,  64,  30,  20,  39,  83, 136, 182, 210, 219, 208,90101504052
 179, 137,  93,  56,  39,  51,  89, 139, 185, 213, 221, 209,90101504061
 177, 132,  83,  41,  19,  24,  55, 104, 153, 189, 207, 208,90101504062
 191, 157, 112,  69,  40,  37,  62, 106, 155, 192, 210, 207,90101504071
 184, 145,  97,  50,  16,   6,  26,  69, 121, 163, 190, 201,90101504072
 194, 170, 131,  87,  53,  40,  54,  89, 134, 174, 199, 205,90101504081
 191, 161, 118,  73,  35,  13,  17,  48,  94, 141, 174, 192,90101504082
 193, 181, 155, 120,  85,  62,  60,  82, 119, 158, 187, 201,90101504091
 199, 180, 148, 108,  69,  40,  29,  42,  75, 116, 152, 177,90101504092
 187, 186, 172, 147, 116,  90,  78,  86, 110, 142, 172, 190,90101504101
 196, 187, 166, 136, 101,  69,  47,  42,  57,  89, 127, 157,90101504102
 175, 179, 174, 161, 141, 117,  97,  89,  97, 119, 145, 169,90101504111
 182, 184, 175, 155, 128,  99,  72,  54,  51,  64,  91, 121,90101504112
 146, 161, 166, 165, 157, 142, 123, 106,  99, 104, 119, 139,90101504121
 158, 171, 175, 170, 157, 136, 113,  91,  76,  71,  78,  96,90101504122
 119, 141, 157, 168, 173, 171, 161, 144, 125, 110, 106, 113,90101504131
 128, 145, 161, 171, 174, 166, 148, 125, 102,  85,  74,  73,90101504132
  84, 107, 136, 163, 181, 189, 188, 178, 160, 136, 115, 102,90101504141
 102, 115, 137, 163, 186, 199, 197, 181, 155, 127, 101,  82,90101504142
  76,  85, 108, 139, 169, 192, 204, 204, 190, 163, 129,  98,90101504151
  79,  78,  95, 126, 163, 195, 213, 213, 196, 166, 128,  90,90101504152
  61,  49,  62,  94, 136, 175, 203, 216, 212, 192, 156, 113,90101504161
  73,  49,  50,  77, 121, 168, 205, 226, 225, 205, 168, 122,90101504162
  77,  44,  31,  46,  85, 134, 178, 206, 214, 204, 174, 129,90101504171
  78,  34,  11,  17,  54, 108, 162, 203, 224, 222, 198, 155,90101504172
 104,  56,  26,  24,  52, 101, 154, 197, 222, 226, 208, 168,90101504181
 113,  57,  14,  -1,  18,  67, 129, 184, 222, 237, 229, 198,90101504182
 151,  97,  53,  30,  37,  74, 128, 181, 220, 239, 234, 206,90101504191
 158,  99,  44,   8,   4,  35,  91, 153, 204, 237, 247, 235,90101504192
 202, 153, 103,  66,  55,  74, 118, 171, 217, 246, 253, 237,90101504201
 199, 145,  85,  32,   3,   7,  45, 102, 159, 201, 224, 227,90101504202
 208, 169, 121,  75,  47,  45,  71, 117, 166, 205, 225, 223,90101504211
 199, 156, 103,  50,  10,  -5,  12,  57, 115, 167, 202, 216,90101504212
 210, 186, 149, 107,  73,  57,  67,  99, 143, 184, 210, 218,90101504221
 207, 179, 138,  90,  46,  16,  12,  36,  82, 134, 174, 198,90101504222
 204, 194, 170, 136, 100,  74,  68,  83, 115, 153, 185, 202,90101504231
 202, 185, 154, 116,  77,  43,  25,  30,  58, 101, 142, 171,90101504232
 185, 185, 174, 152, 124,  98,  83,  85, 104, 132, 162, 184,90101504241
 193, 186, 167, 140, 108,  78,  55,  45,  53,  79, 115, 148,90101504242
 170, 177, 174, 162, 144, 123, 105,  96, 100, 114, 134, 154,90101504251
 169, 175, 169, 152, 129, 104,  82,  66,  61,  69,  89, 117,90101504252
 141, 156, 161, 160, 153, 142, 127, 113, 105, 106, 115, 128,90101504261
 143, 156, 164, 163, 153, 136, 117,  99,  87,  81,  85,  98,90101504262
 118, 137, 151, 158, 159, 156, 150, 138, 123, 111, 106, 110,90101504271
 119, 132, 145, 158, 164, 160, 149, 133, 116, 102,  93,  91,90101504272
  99, 115, 135, 152, 163, 167, 166, 159, 145, 127, 110,  99,90101504281
  99, 109, 126, 145, 162, 171, 171, 162, 146, 126, 107,  93,90101504282
  89,  98, 117, 141, 162, 176, 181, 178, 166, 146, 121,  99,90101504291
  88,  89, 104, 127, 152, 172, 183, 184, 174, 154, 129, 103,90101504292
  85,  81,  94, 120, 149, 174, 189, 194, 186, 167, 139, 108,90101504301
  82,  69,  73,  93, 123, 155, 179, 190, 188, 172, 147, 117,90101504302
  89,  73,  73,  94, 127, 162, 189, 201, 200, 184, 157, 122,90101505011
  87,  62,  54,  68, 100, 141, 176, 199, 205, 197, 175, 142,90101505012
 106,  76,  63,  73, 103, 143, 180, 204, 211, 202, 176, 139,90101505021
  98,  63,  43,  46,  74, 117, 160, 193, 211, 213, 198, 168,90101505022
 128,  90,  66,  65,  90, 130, 173, 205, 222, 222, 204, 169,90101505031
 125,  81,  49,  39,  56,  96, 144, 185, 213, 224, 219, 196,90101505032
 160, 118,  83,  67,  76, 109, 154, 196, 225, 235, 222, 190,90101505041
 146,  97,  55,  30,  31,  60, 110, 162, 201, 222, 225, 211,90101505042
 181, 139,  97,  67,  62,  83, 124, 170, 206, 226, 225, 204,90101505051
 166, 118,  70,  33,  19,  34,  75, 128, 176, 209, 224, 222,90101505052
 202, 166, 123,  86,  68,  77, 110, 155, 196, 225, 234, 223,90101505061
 193, 150, 101,  56,  28,  26,  53, 101, 152, 192, 215, 222,90101505062
 212, 186, 148, 107,  79,  73,  92, 129, 171, 205, 222, 222,90101505071
 204, 170, 125,  78,  40,  22,  32,  68, 117, 162, 194, 210,90101505072
 211, 198, 170, 133,  98,  78,  80, 104, 142, 181, 208, 219,90101505081
 211, 186, 149, 106,  65,  35,  28,  46,  85, 132, 171, 195,90101505082
 203, 199, 183, 156, 123,  94,  81,  89, 115, 151, 183, 204,90101505091
 208, 197, 172, 137,  99,  64,  43,  42,  63, 100, 140, 172,90101505092
 190, 195, 190, 174, 149, 120,  97,  89,  97, 120, 150, 177,90101505101
 194, 197, 185, 161, 129,  94,  64,  47,  48,  68, 101, 135,90101505102
 161, 176, 180, 177, 166, 147, 123, 103,  95, 101, 119, 142,90101505111
 165, 181, 187, 180, 163, 140, 115,  93,  79,  78,  93, 119,90101505112
 148, 171, 186, 196, 200, 195, 178, 152, 127, 111, 109, 120,90101505121
 140, 163, 183, 195, 195, 183, 162, 137, 113,  94,  85,  91,90101505122
 111, 141, 169, 188, 198, 200, 193, 176, 151, 122, 101,  92,90101505131
  99, 120, 148, 176, 196, 202, 193, 173, 147, 118,  93,  79,90101505132
  81, 101, 133, 165, 190, 204, 208, 200, 178, 146, 109,  80,90101505141
  66,  74, 100, 137, 173, 198, 209, 204, 186, 157, 122,  90,90101505142
  72,  74,  96, 132, 169, 198, 215, 217, 204, 174, 134,  92,90101505151
  60,  46,  57,  91, 137, 179, 208, 220, 216, 194, 160, 120,90101505152
  85,  66,  71,  98, 139, 181, 213, 228, 226, 204, 165, 116,90101505161
  68,  32,  19,  37,  79, 132, 179, 210, 222, 215, 192, 154,90101505162
 111,  75,  56,  64,  98, 146, 192, 224, 235, 225, 196, 151,90101505171
  99,  51,  18,  13,  41,  93, 151, 198, 226, 235, 224, 193,90101505172
 150, 104,  70,  60,  77, 117, 166, 208, 235, 241, 225, 190,90101505181
 141,  87,  42,  18,  25,  64, 121, 177, 217, 239, 241, 224,90101505182
 189, 145, 102,  74,  71,  96, 139, 187, 224, 243, 241, 217,90101505191
 175, 122,  68,  27,  12,  30,  77, 135, 187, 221, 236, 233,90101505192
 212, 175, 132,  95,  78,  87, 120, 165, 207, 235, 244, 232,90101505201
 202, 158, 107,  59,  26,  21,  47,  96, 151, 194, 220, 227,90101505202
 219, 193, 155, 114,  85,  78,  95, 131, 173, 207, 225, 225,90101505211
 207, 175, 131,  84,  43,  21,  28,  63, 114, 163, 198, 215,90101505212
 216, 202, 174, 139, 106,  87,  90, 114, 150, 186, 211, 221,90101505221
 214, 192, 159, 119,  80,  50,  40,  55,  92, 137, 176, 200,90101505222
 210, 206, 190, 163, 132, 107,  97, 107, 132, 164, 192, 208,90101505231
 211, 201, 180, 150, 116,  84,  64,  63,  83, 119, 157, 186,90101505232
 201, 204, 197, 182, 158, 132, 113, 108, 119, 141, 168, 191,90101505241
 205, 205, 194, 172, 146, 118,  93,  80,  82, 102, 133, 165,90101505242
 188, 199, 199, 192, 178, 157, 135, 119, 114, 121, 137, 157,90101505251
 176, 190, 194, 185, 166, 143, 121, 103,  94,  97, 114, 138,90101505252
 162, 178, 185, 185, 179, 167, 150, 131, 116, 111, 116, 128,90101505261
 145, 163, 176, 181, 175, 160, 142, 124, 109, 101, 103, 115,90101505262
 136, 158, 175, 184, 185, 181, 170, 155, 136, 120, 111, 110,90101505271
 118, 133, 153, 171, 181, 180, 169, 153, 136, 122, 112, 111,90101505272
 121, 140, 162, 181, 192, 194, 188, 175, 156, 133, 112,  98,90101505281
  96, 108, 130, 157, 180, 193, 194, 183, 167, 146, 126, 111,90101505282
 107, 117, 138, 165, 188, 202, 205, 196, 178, 152, 125, 101,90101505291
  87,  87, 103, 131, 164, 190, 203, 202, 191, 171, 146, 121,90101505292
 104, 103, 119, 146, 177, 202, 215, 216, 204, 180, 149, 116,90101505301
  90,  77,  84, 108, 144, 179, 203, 215, 213, 201, 177, 147,90101505302
 117, 100, 103, 125, 160, 194, 218, 226, 220, 199, 167, 129,90101505311
  92,  64,  56,  71, 107, 150, 188, 212, 221, 216, 197, 165,90101505312
 128,  98,  86,  98, 129, 168, 203, 224, 228, 215, 187, 147,90101506011
 103,  65,  42,  43,  71, 116, 163, 199, 220, 225, 215, 189,90101506012
 152, 114,  89,  86, 107, 145, 187, 219, 235, 232, 213, 178,90101506021
 133,  88,  52,  37,  50,  89, 140, 187, 219, 235, 235, 219,90101506022
 187, 147, 110,  91,  97, 128, 171, 212, 238, 247, 236, 208,90101506031
 166, 116,  68,  34,  28,  53, 102, 157, 201, 227, 235, 227,90101506032
 203, 165, 123,  90,  79,  94, 132, 178, 217, 238, 239, 220,90101506041
 184, 137,  87,  44,  21,  28,  63, 115, 166, 203, 223, 228,90101506042
 217, 190, 150, 109,  83,  82, 107, 150, 193, 225, 239, 234,90101506051
 212, 176, 130,  85,  50,  35,  48,  86, 136, 181, 212, 227,90101506052
 225, 208, 176, 136, 101,  83,  87, 114, 155, 194, 220, 228,90101506061
 217, 191, 151, 104,  59,  28,  22,  45,  89, 139, 180, 205,90101506062
 214, 209, 190, 157, 119,  88,  75,  86, 115, 154, 189, 211,90101506071
 215, 202, 175, 137,  95,  58,  37,  39,  66, 109, 153, 186,90101506072
 203, 209, 203, 185, 155, 122,  96,  87,  99, 128, 163, 192,90101506081
 209, 212, 200, 176, 143, 105,  74,  58,  64,  91, 130, 168,90101506082
 195, 209, 213, 205, 186, 156, 125, 101,  93, 103, 127, 158,90101506091
 187, 206, 208, 195, 170, 140, 109,  84,  71,  76,  98, 132,90101506092
 164, 187, 200, 203, 197, 180, 153, 123,  98,  86,  92, 112,90101506101
 141, 170, 190, 197, 190, 173, 149, 122,  98,  85,  87, 105,90101506102
 133, 163, 186, 199, 203, 199, 184, 158, 128, 102,  87,  88,90101506111
 105, 133, 164, 187, 199, 198, 187, 167, 141, 116,  99,  97,90101506112
 111, 137, 165, 189, 204, 210, 204, 187, 160, 127,  95,  73,90101506121
  70,  87, 119, 156, 186, 202, 204, 195, 177, 150, 122, 101,90101506122
  96, 109, 136, 168, 194, 209, 214, 207, 187, 156, 118,  81,90101506131
  56,  52,  72, 110, 152, 185, 204, 210, 203, 185, 156, 122,90101506132
  96,  88, 102, 133, 168, 197, 214, 219, 210, 185, 148, 105,90101506141
  65,  40,  39,  65, 108, 153, 187, 207, 214, 207, 185, 151,90101506142
 115,  89,  83, 100, 134, 172, 204, 222, 224, 210, 179, 137,90101506151
  90,  49,  27,  32,  65, 114, 162, 198, 217, 222, 212, 186,90101506152
 149, 111,  87,  86, 109, 147, 188, 220, 235, 233, 213, 177,90101506161
 129,  79,  38,  20,  33,  74, 128, 177, 210, 225, 225, 209,90101506162
 178, 138, 102,  83,  89, 119, 161, 201, 229, 238, 229, 202,90101506171
 161, 112,  64,  30,  22,  45,  92, 147, 192, 220, 230, 224,90101506172
 203, 168, 128,  98,  87, 103, 138, 179, 215, 235, 237, 221,90101506181
 188, 143,  94,  51,  27,  31,  65, 116, 166, 202, 220, 223,90101506182
 211, 184, 147, 110,  86,  86, 109, 148, 188, 218, 231, 226,90101506191
 204, 167, 122,  77,  43,  30,  45,  84, 134, 178, 207, 219,90101506192
 215, 197, 165, 128,  97,  84,  94, 123, 162, 197, 220, 226,90101506201
 216, 190, 152, 109,  71,  46,  45,  70, 113, 160, 196, 215,90101506202
 219, 209, 187, 155, 121,  96,  91, 107, 138, 173, 202, 217,90101506211
 216, 200, 171, 135,  98,  68,  54,  62,  92, 133, 172, 198,90101506212
 210, 207, 193, 169, 138, 110,  95,  97, 115, 143, 173, 197,90101506221
 207, 203, 185, 158, 126,  96,  75,  69,  84, 115, 153, 184,90101506222
 202, 206, 199, 183, 160, 134, 112, 101, 105, 122, 147, 173,90101506231
 191, 197, 190, 172, 148, 122, 100,  86,  87, 103, 131, 162,90101506232
 185, 196, 196, 189, 175, 154, 130, 111, 103, 108, 124, 145,90101506241
 167, 182, 187, 181, 166, 147, 127, 110, 100, 103, 119, 144,90101506242
 169, 187, 195, 194, 188, 175, 155, 134, 116, 107, 110, 123,90101506251
 143, 164, 179, 186, 183, 172, 158, 141, 127, 119, 122, 137,90101506252
 158, 179, 194, 202, 204, 200, 187, 169, 148, 131, 122, 122,90101506261
 132, 150, 172, 192, 203, 203, 194, 179, 162, 146, 135, 131,90101506262
 138, 154, 174, 193, 204, 205, 196, 179, 157, 132, 109,  93,90101506271
  89,  99, 122, 149, 172, 185, 188, 182, 169, 152, 132, 115,90101506272
 110, 120, 141, 167, 188, 199, 199, 189, 170, 144, 115,  88,90101506281
  71,  69,  84, 112, 145, 172, 188, 193, 188, 173, 149, 122,90101506282
 102,  97, 111, 137, 167, 192, 205, 206, 193, 168, 136, 101,90101506291
  70,  54,  57,  81, 120, 159, 189, 206, 210, 201, 180, 150,90101506292
 120, 100,  99, 118, 151, 186, 213, 226, 223, 206, 175, 136,90101506301
  96,  63,  50,  61,  95, 140, 183, 213, 228, 229, 216, 189,90101506302
 156, 125, 108, 114, 140, 179, 216, 240, 247, 236, 208, 167,90101507011
 120,  75,  42,  33,  54,  99, 152, 195, 222, 233, 229, 209,90101507012
 175, 134, 101,  87,  99, 133, 177, 216, 240, 244, 227, 193,90101507021
 147,  96,  50,  22,  23,  54, 106, 159, 201, 227, 235, 226,90101507022
 198, 156, 111,  81,  76,  99, 142, 188, 224, 242, 240, 219,90101507031
 179, 129,  76,  33,  13,  25,  66, 121, 174, 212, 231, 233,90101507032
 217, 183, 138,  96,  72,  74, 104, 149, 196, 229, 243, 236,90101507041
 207, 163, 110,  59,  21,   9,  30,  77, 134, 183, 214, 228,90101507042
 224, 202, 164, 119,  82,  64,  75, 110, 158, 202, 230, 237,90101507051
 224, 193, 148,  97,  51,  22,  21,  50, 100, 153, 195, 219,90101507052
 226, 217, 191, 152, 109,  77,  66,  83, 120, 165, 203, 224,90101507061
 226, 210, 178, 136,  91,  52,  32,  38,  73, 122, 168, 200,90101507062
 216, 217, 204, 177, 140, 102,  78,  74,  94, 129, 168, 199,90101507071
 214, 214, 198, 171, 135,  97,  66,  53,  65,  99, 144, 183,90101507072
 207, 216, 213, 198, 173, 139, 106,  83,  80,  96, 128, 164,90101507081
 193, 208, 206, 191, 165, 133, 103,  81,  74,  87, 115, 150,90101507082
 180, 197, 204, 201, 188, 164, 134, 103,  82,  77,  89, 116,90101507091
 148, 175, 190, 192, 182, 164, 140, 116,  98,  92, 102, 124,90101507092
 152, 176, 192, 198, 197, 185, 164, 135, 106,  84,  76,  84,90101507101
 107, 137, 165, 183, 189, 185, 173, 155, 134, 116, 109, 116,90101507102
 136, 160, 181, 194, 200, 198, 189, 171, 145, 116,  91,  78,90101507111
  81, 101, 131, 161, 181, 190, 189, 181, 168, 150, 132, 120,90101507112
 122, 139, 163, 187, 203, 211, 210, 201, 183, 157, 127,  99,90101507121
  83,  84, 105, 139, 173, 198, 211, 215, 210, 197, 176, 153,90101507122
 137, 135, 149, 174, 200, 221, 232, 232, 219, 195, 160, 122,90101507131
  88,  68,  70,  95, 134, 174, 204, 219, 222, 213, 193, 165,90101507132
 136, 116, 114, 132, 162, 194, 220, 232, 229, 211, 180, 140,90101507141
  97,  62,  46,  55,  89, 136, 179, 209, 222, 222, 209, 183,90101507142
 150, 120, 103, 107, 131, 167, 202, 226, 235, 228, 205, 169,90101507151
 126,  83,  50,  41,  61, 103, 153, 194, 220, 229, 224, 205,90101507152
 174, 137, 108,  96, 109, 140, 178, 211, 232, 236, 224, 195,90101507161
 153, 106,  64,  39,  41,  71, 119, 169, 205, 226, 231, 221,90101507162
 196, 159, 123,  99,  98, 120, 157, 196, 227, 244, 243, 223,90101507171
 185, 138,  91,  55,  40,  53,  90, 141, 187, 218, 233, 232,90101507172
 215, 183, 144, 109,  91,  99, 129, 170, 208, 233, 241, 233,90101507181
 208, 170, 125,  82,  53,  49,  74, 119, 168, 206, 227, 232,90101507182
 222, 197, 160, 121,  93,  87, 106, 143, 184, 216, 233, 233,90101507191
 218, 188, 148, 105,  70,  53,  62,  95, 140, 182, 211, 223,90101507192
 220, 204, 176, 140, 108,  92,  97, 123, 159, 192, 215, 224,90101507201
 219, 200, 170, 132,  95,  70,  67,  87, 126, 168, 201, 219,90101507202
 222, 213, 191, 158, 124,  99,  93, 108, 138, 172, 200, 215,90101507211
 216, 205, 182, 151, 118,  90,  77,  85, 113, 151, 187, 210,90101507212
 219, 216, 202, 177, 146, 118, 100, 100, 117, 147, 178, 203,90101507221
 213, 209, 193, 168, 140, 113,  95,  91, 105, 135, 169, 197,90101507222
 212, 215, 206, 189, 164, 135, 112, 100, 104, 122, 148, 175,90101507231
 193, 199, 193, 179, 160, 138, 117, 105, 108, 125, 152, 178,90101507232
 197, 206, 205, 197, 180, 157, 132, 112, 104, 108, 124, 148,90101507241
 172, 189, 195, 190, 178, 163, 146, 131, 123, 127, 142, 164,90101507242
 185, 199, 204, 202, 192, 177, 156, 135, 118, 110, 112, 124,90101507251
 143, 165, 181, 188, 187, 180, 170, 157, 145, 136, 137, 149,90101507252
 167, 185, 196, 201, 199, 192, 179, 161, 141, 122, 110, 109,90101507261
 119, 139, 161, 177, 185, 187, 186, 180, 169, 156, 144, 140,90101507262
 147, 163, 181, 195, 203, 203, 197, 184, 164, 141, 118, 100,90101507271
  95, 104, 125, 154, 179, 195, 201, 200, 193, 178, 159, 142,90101507272
 133, 137, 154, 178, 200, 216, 220, 211, 193, 166, 136, 106,90101507281
  84,  77,  88, 116, 150, 182, 203, 212, 211, 200, 180, 153,90101507282
 129, 118, 124, 147, 177, 206, 226, 230, 220, 195, 161, 122,90101507291
  86,  62,  56,  75, 113, 158, 195, 219, 228, 223, 205, 175,90101507292
 140, 113, 102, 115, 146, 185, 218, 238, 240, 225, 194, 152,90101507301
 106,  65,  40,  41,  70, 118, 168, 207, 230, 238, 229, 204,90101507302
 165, 124,  95,  89, 108, 148, 194, 231, 251, 251, 229, 191,90101507311
 142,  91,  49,  28,  37,  76, 131, 184, 223, 244, 247, 231,90101507312
 197, 152, 109,  82,  84, 114, 162, 211, 247, 262, 255, 228,90101508011
 183, 129,  75,  36,  22,  43,  92, 151, 203, 237, 251, 247,90101508012
 223, 181, 132,  89,  70,  81, 120, 174, 223, 255, 265, 252,90101508021
 219, 170, 114,  63,  30,  27,  57, 111, 170, 218, 246, 255,90101508022
 243, 210, 163, 114,  77,  67,  87, 131, 184, 229, 256, 261,90101508031
 244, 208, 158, 104,  60,  37,  45,  83, 139, 193, 232, 251,90101508032
 252, 232, 195, 148, 103,  74,  72,  98, 143, 192, 230, 251,90101508041
 252, 234, 197, 149, 101,  66,  55,  72, 114, 166, 211, 239,90101508042
 250, 243, 219, 181, 137,  98,  76,  79, 107, 151, 196, 229,90101508051
 244, 239, 218, 184, 143, 106,  82,  81, 104, 144, 188, 222,90101508052
 242, 246, 235, 209, 172, 132, 100,  84,  89, 116, 155, 194,90101508061
 222, 233, 228, 209, 180, 149, 121, 106, 109, 131, 164, 198,90101508062
 223, 234, 232, 219, 195, 165, 133, 107,  94,  98, 120, 152,90101508071
 184, 205, 213, 209, 196, 177, 154, 135, 126, 132, 151, 176,90101508072
 199, 214, 219, 216, 205, 187, 163, 138, 116, 103, 103, 116,90101508081
 141, 170, 191, 201, 201, 193, 183, 169, 155, 146, 146, 157,90101508082
 175, 194, 207, 214, 213, 204, 190, 171, 148, 126, 109, 103,90101508091
 110, 130, 156, 181, 197, 202, 201, 194, 183, 169, 156, 150,90101508092
 154, 167, 184, 201, 213, 219, 215, 201, 180, 154, 129, 108,90101508101
  97, 101, 120, 148, 178, 199, 210, 211, 205, 192, 174, 155,90101508102
 143, 143, 155, 176, 199, 218, 227, 224, 208, 182, 152, 122,90101508111
  97,  85,  91, 114, 148, 183, 208, 221, 223, 213, 195, 169,90101508112
 144, 128, 129, 146, 173, 202, 225, 235, 230, 212, 185, 151,90101508121
 115,  87,  75,  87, 119, 162, 200, 225, 236, 233, 218, 192,90101508122
 160, 132, 118, 123, 147, 183, 218, 242, 249, 237, 210, 173,90101508131
 130,  90,  62,  58,  81, 124, 173, 212, 234, 240, 231, 207,90101508132
 172, 136, 110, 104, 121, 155, 196, 230, 249, 250, 234, 203,90101508141
 161, 115,  77,  57,  64,  99, 149, 196, 228, 243, 241, 223,90101508142
 191, 150, 113,  93,  97, 125, 167, 208, 237, 249, 244, 221,90101508151
 185, 140,  95,  62,  55,  78, 124, 177, 218, 242, 249, 238,90101508152
 212, 173, 130,  98,  89, 108, 147, 192, 229, 250, 254, 242,90101508161
 212, 171, 124,  85,  66,  76, 112, 161, 206, 238, 253, 251,90101508162
 233, 199, 156, 117,  96, 102, 131, 172, 213, 241, 254, 250,90101508171
 229, 193, 149, 106,  76,  70,  92, 136, 184, 222, 244, 247,90101508172
 234, 205, 166, 125,  94,  85, 102, 138, 181, 217, 238, 242,90101508181
 230, 204, 165, 123,  87,  70,  79, 114, 160, 202, 230, 240,90101508182
 235, 214, 180, 139, 103,  84,  88, 114, 154, 194, 222, 235,90101508191
 231, 214, 185, 148, 112,  88,  85, 106, 144, 186, 218, 235,90101508192
 237, 225, 199, 164, 127,  99,  89, 102, 134, 173, 206, 226,90101508201
 230, 221, 202, 173, 141, 113, 101, 109, 137, 174, 208, 229,90101508202
 236, 230, 212, 185, 153, 123, 104, 103, 122, 152, 187, 215,90101508211
 225, 223, 212, 194, 170, 146, 128, 124, 137, 164, 195, 220,90101508212
 232, 230, 217, 197, 173, 146, 123, 110, 112, 129, 156, 183,90101508221
 203, 210, 207, 196, 181, 163, 145, 134, 136, 151, 174, 197,90101508222
 214, 221, 218, 207, 189, 167, 145, 126, 116, 118, 131, 152,90101508231
 174, 191, 199, 198, 193, 184, 173, 160, 150, 150, 161, 179,90101508232
 196, 206, 210, 207, 199, 187, 171, 152, 134, 122, 119, 126,90101508241
 143, 163, 180, 190, 194, 194, 191, 184, 172, 161, 156, 161,90101508242
 174, 189, 202, 209, 212, 216, 221, 226, 223, 209, 187, 165,90101508251
 152, 152, 162, 179, 195, 207, 213, 212, 204, 189, 171, 157,90101508252
 152, 157, 171, 189, 207, 219, 221, 211, 191, 165, 138, 112,90101508261
  96,  96, 113, 143, 176, 202, 217, 222, 218, 205, 182, 156,90101508262
 136, 129, 141, 166, 196, 222, 236, 236, 221, 195, 161, 124,90101508271
  92,  73,  75,  99, 139, 180, 213, 232, 239, 231, 208, 174,90101508272
 138, 112, 107, 124, 158, 198, 230, 248, 246, 228, 194, 151,90101508281
 106,  68,  49,  58,  94, 144, 192, 227, 246, 248, 231, 198,90101508282
 153, 111,  85,  87, 115, 162, 210, 245, 262, 258, 233, 191,90101508291
 137,  85,  46,  34,  55, 103, 160, 210, 243, 258, 254, 229,90101508292
 186, 134,  88,  66,  76, 116, 170, 221, 256, 269, 260, 229,90101508301
 180, 122,  68,  33,  30,  62, 118, 178, 225, 254, 263, 251,90101508302
 215, 163, 106,  63,  50,  73, 123, 182, 231, 262, 271, 258,90101508311
 222, 168, 109,  59,  33,  42,  84, 143, 199, 238, 258, 258,90101508312
 237, 195, 141,  88,  54,  52,  83, 137, 194, 237, 261, 265,90101509011
 246, 207, 155, 101,  60,  47,  67, 114, 172, 220, 249, 259,90101509012
 250, 220, 173, 119,  72,  46,  53,  90, 144, 196, 234, 251,90101509021
 250, 228, 188, 138,  93,  65,  65,  94, 141, 191, 228, 248,90101509022
 250, 234, 201, 156, 109,  72,  57,  71, 109, 158, 203, 231,90101509031
 241, 235, 212, 177, 136, 103,  87,  95, 126, 168, 207, 232,90101509032
 241, 235, 215, 184, 145, 106,  77,  68,  83, 118, 161, 196,90101509041
 216, 220, 210, 191, 164, 135, 114, 108, 120, 147, 179, 207,90101509042
 222, 225, 216, 197, 170, 139, 109,  87,  81,  94, 123, 159,90101509051
 188, 203, 205, 198, 185, 167, 148, 134, 131, 143, 164, 187,90101509052
 205, 214, 215, 209, 197, 179, 155, 131, 113, 108, 118, 139,90101509061
 164, 185, 197, 200, 197, 189, 179, 166, 155, 150, 152, 161,90101509062
 173, 186, 197, 202, 199, 188, 172, 152, 133, 115, 104, 103,90101509071
 113, 132, 154, 171, 181, 183, 181, 177, 168, 158, 148, 143,90101509072
 146, 155, 169, 182, 192, 196, 191, 178, 159, 137, 116, 100,90101509081
  94, 100, 119, 144, 168, 184, 191, 191, 185, 173, 156, 140,90101509082
 130, 130, 141, 159, 179, 196, 203, 200, 185, 162, 135, 110,90101509091
  91,  84,  93, 116, 147, 176, 195, 202, 200, 188, 169, 145,90101509092
 123, 111, 114, 131, 157, 185, 206, 214, 209, 190, 161, 128,90101509101
  97,  76,  71,  88, 122, 160, 192, 211, 215, 209, 191, 163,90101509102
 133, 109, 101, 112, 140, 174, 205, 225, 230, 220, 195, 160,90101509111
 121,  88,  70,  75, 102, 144, 185, 215, 230, 229, 215, 187,90101509112
 151, 117,  96,  97, 119, 155, 194, 224, 240, 239, 221, 189,90101509121
 148, 107,  77,  69,  86, 124, 169, 208, 232, 240, 230, 204,90101509122
 165, 124,  92,  80,  93, 127, 171, 210, 236, 243, 232, 204,90101509131
 163, 117,  77,  55,  59,  91, 140, 188, 223, 238, 234, 213,90101509132
 177, 133,  93,  68,  67,  93, 137, 183, 219, 236, 235, 217,90101509141
 183, 138,  93,  61,  53,  73, 117, 167, 208, 231, 235, 221,90101509142
 191, 148, 104,  70,  58,  73, 112, 159, 200, 226, 235, 227,90101509151
 201, 161, 116,  77,  58,  66, 100, 148, 193, 224, 236, 231,90101509152
 209, 171, 126,  85,  62,  66,  95, 141, 186, 219, 235, 235,90101509161
 218, 187, 146, 106,  78,  73,  95, 136, 184, 221, 241, 241,90101509162
 224, 193, 151, 109,  77,  66,  81, 118, 163, 204, 229, 236,90101509171
 227, 204, 170, 131,  99,  84,  93, 125, 168, 207, 231, 238,90101509172
 229, 204, 168, 127,  90,  68,  68,  92, 132, 174, 205, 220,90101509181
 220, 207, 181, 148, 115,  93,  92, 112, 147, 186, 215, 230,90101509182
 228, 213, 185, 150, 115,  88,  77,  87, 116, 155, 189, 210,90101509191
 218, 212, 197, 173, 145, 121, 110, 116, 139, 171, 201, 221,90101509192
 227, 219, 201, 174, 143, 113,  93,  88, 101, 129, 162, 190,90101509201
 205, 207, 201, 188, 170, 149, 133, 128, 137, 159, 184, 204,90101509202
 215, 215, 205, 187, 165, 140, 117, 103, 100, 111, 133, 159,90101509211
 181, 193, 194, 189, 180, 168, 154, 143, 139, 144, 157, 173,90101509212
 188, 198, 199, 192, 178, 160, 140, 122, 107, 100, 103, 117,90101509221
 138, 160, 176, 184, 184, 180, 175, 166, 155, 147, 144, 148,90101509222
 159, 172, 184, 192, 192, 185, 171, 155, 137, 120, 109, 106,90101509231
 114, 132, 155, 176, 192, 200, 202, 197, 184, 167, 152, 144,90101509232
 148, 160, 175, 190, 202, 208, 205, 193, 174, 150, 126, 107,90101509241
  98, 104, 125, 155, 184, 206, 217, 219, 211, 192, 167, 141,90101509242
 125, 124, 139, 165, 195, 220, 232, 228, 210, 182, 148, 115,90101509251
  88,  78,  89, 119, 158, 195, 221, 235, 235, 220, 190, 153,90101509252
 118,  98, 100, 125, 163, 203, 233, 247, 242, 221, 185, 140,90101509261
  98,  67,  58,  78, 119, 168, 210, 239, 251, 246, 221, 179,90101509262
 130,  89,  70,  81, 118, 168, 216, 248, 262, 255, 227, 182,90101509271
 129,  80,  49,  47,  77, 128, 183, 226, 252, 260, 245, 208,90101509272
 155, 101,  61,  50,  73, 121, 178, 225, 255, 266, 255, 220,90101509281
 168, 111,  62,  39,  49,  91, 149, 203, 241, 259, 256, 230,90101509282
 183, 123,  67,  31,  29,  64, 123, 184, 231, 258, 263, 245,90101509291
 204, 148,  89,  46,  31,  53, 103, 163, 213, 244, 253, 240,90101509292
 204, 150,  89,  37,  10,  20,  64, 126, 186, 228, 249, 249,90101509301
 226, 183, 127,  76,  45,  47,  83, 139, 195, 235, 256, 257,90101509302
 238, 199, 145,  90,  49,  36,  57, 106, 165, 216, 248, 263,90101510011
 259, 234, 193, 144, 105,  90, 105, 146, 196, 238, 263, 271,90101510012
 260, 233, 189, 137,  86,  51,  43,  68, 117, 171, 213, 236,90101510021
 238, 222, 192, 154, 116,  90,  87, 109, 147, 189, 221, 237,90101510022
 238, 225, 197, 159, 115,  77,  54,  57,  85, 129, 172, 202,90101510031
 215, 214, 202, 180, 151, 123, 108, 112, 135, 167, 197, 215,90101510032
 220, 212, 196, 172, 143, 112,  84,  70,  76, 100, 134, 164,90101510041
 183, 190, 187, 179, 164, 144, 126, 117, 123, 141, 164, 183,90101510042
 192, 193, 186, 174, 156, 136, 114,  97,  88,  92, 108, 133,90101510051
 156, 171, 178, 178, 174, 167, 155, 143, 136, 137, 146, 159,90101510052
 172, 181, 184, 182, 174, 162, 147, 130, 114, 104, 102, 111,90101510061
 128, 149, 166, 176, 179, 179, 177, 170, 160, 148, 140, 139,90101510062
 145, 155, 167, 179, 186, 186, 178, 163, 146, 129, 115, 107,90101510071
 109, 122, 143, 165, 182, 191, 192, 188, 179, 163, 145, 131,90101510072
 125, 129, 142, 158, 176, 189, 194, 188, 173, 151, 128, 108,90101510081
  97,  98, 114, 139, 168, 190, 202, 204, 197, 181, 159, 136,90101510082
 118, 111, 118, 137, 164, 192, 213, 218, 208, 186, 157, 129,90101510091
 105,  92,  96, 118, 152, 187, 211, 222, 219, 203, 177, 145,90101510092
 115,  95,  92, 108, 139, 175, 206, 222, 221, 205, 177, 144,90101510101
 110,  85,  78,  93, 126, 168, 204, 225, 230, 220, 197, 163,90101510102
 128,  98,  83,  90, 118, 159, 199, 225, 234, 224, 200, 165,90101510111
 124,  87,  65,  67,  95, 141, 188, 222, 237, 232, 211, 177,90101510112
 136,  97,  71,  66,  87, 128, 175, 214, 235, 238, 223, 192,90101510121
 150, 106,  72,  61,  78, 119, 168, 210, 234, 238, 223, 191,90101510122
 148, 103,  66,  49,  59,  95, 144, 190, 221, 233, 227, 203,90101510131
 164, 118,  77,  55,  60,  93, 142, 191, 224, 237, 230, 205,90101510132
 164, 117,  74,  46,  44,  71, 118, 169, 208, 229, 232, 218,90101510141
 187, 145, 101,  69,  61,  82, 126, 176, 216, 236, 235, 215,90101510142
 180, 134,  87,  50,  35,  50,  91, 142, 187, 217, 229, 224,90101510151
 202, 166, 123,  86,  67,  75, 109, 155, 197, 225, 234, 224,90101510152
 197, 156, 109,  67,  41,  41,  69, 116, 164, 200, 220, 223,90101510161
 212, 185, 147, 108,  80,  74,  95, 133, 177, 210, 227, 224,90101510162
 205, 172, 130,  87,  53,  39,  51,  86, 132, 174, 201, 212,90101510171
 209, 193, 164, 128,  96,  80,  85, 112, 151, 188, 212, 219,90101510172
 209, 184, 150, 110,  73,  48,  43,  62, 101, 146, 183, 203,90101510181
 208, 199, 179, 152, 123, 100,  93, 105, 132, 167, 197, 214,90101510182
 214, 198, 173, 140, 106,  75,  56,  58,  81, 119, 157, 184,90101510191
 197, 197, 188, 172, 150, 127, 111, 110, 124, 148, 175, 196,90101510192
 205, 202, 187, 164, 136, 108,  86,  75,  81, 102, 134, 164,90101510201
 184, 193, 192, 186, 174, 157, 138, 125, 123, 133, 151, 171,90101510202
 187, 194, 190, 178, 160, 138, 117,  98,  87,  89, 104, 127,90101510211
 152, 170, 179, 182, 180, 175, 163, 148, 134, 127, 129, 140,90101510212
 155, 170, 182, 186, 181, 167, 148, 128, 109,  95,  89,  95,90101510221
 112, 133, 153, 168, 178, 183, 182, 173, 155, 134, 118, 113,90101510222
 120, 137, 159, 179, 193, 196, 186, 167, 144, 120, 100,  88,90101510231
  91, 108, 135, 164, 187, 202, 209, 205, 189, 162, 130, 105,90101510232
  94, 103, 127, 159, 190, 211, 217, 209, 188, 158, 124,  94,90101510241
  75,  75,  97, 133, 172, 203, 222, 228, 218, 192, 154, 113,90101510242
  81,  68,  79, 112, 155, 192, 215, 221, 210, 184, 147, 105,90101510251
  68,  48,  53,  82, 127, 172, 206, 225, 227, 210, 174, 125,90101510252
  76,  42,  34,  58, 104, 156, 199, 225, 235, 225, 194, 149,90101510261
  98,  59,  43,  57,  97, 149, 196, 229, 245, 240, 213, 166,90101510262
 110,  60,  29,  30,  65, 121, 179, 224, 250, 257, 242, 207,90101510271
 157, 105,  68,  58,  81, 130, 187, 234, 260, 264, 245, 206,90101510272
 151,  91,  39,  10,  16,  59, 122, 184, 228, 249, 247, 224,90101510281
 181, 128,  78,  47,  46,  78, 130, 185, 226, 247, 246, 221,90101510282
 177, 120,  61,  16,   0,  22,  73, 137, 192, 227, 243, 238,90101510291
 212, 168, 117,  75,  56,  68, 109, 162, 209, 240, 250, 239,90101510292
 208, 161, 105,  53,  18,  14,  45,  99, 157, 201, 227, 237,90101510301
 228, 201, 159, 114,  80,  71,  91, 132, 178, 214, 232, 232,90101510302
 214, 181, 136,  87,  45,  21,  27,  61, 112, 161, 194, 212,90101510311
 214, 202, 174, 136, 101,  80,  84, 109, 146, 183, 208, 218,90101510312
 211, 190, 158, 117,  77,  46,  34,  47,  82, 127, 166, 191,90101511011
 202, 201, 188, 164, 135, 109,  97, 105, 129, 161, 190, 208,90101511012
 211, 201, 180, 151, 119,  87,  64,  57,  71, 103, 142, 174,90101511021
 192, 195, 188, 174, 155, 134, 117, 111, 119, 136, 159, 180,90101511022
 194, 196, 186, 166, 141, 115,  91,  75,  71,  83, 109, 139,90101511031
 163, 176, 178, 173, 163, 149, 131, 117, 111, 116, 130, 147,90101511032
 163, 174, 175, 167, 151, 133, 114,  97,  86,  85,  96, 116,90101511041
 138, 155, 163, 166, 167, 163, 155, 142, 129, 118, 117, 124,90101511042
 136, 148, 160, 167, 168, 161, 150, 136, 121, 110, 105, 110,90101511051
 124, 142, 159, 171, 178, 181, 179, 170, 156, 139, 125, 118,90101511052
 120, 129, 145, 163, 177, 184, 181, 169, 152, 134, 119, 109,90101511061
 109, 122, 142, 164, 180, 187, 188, 183, 172, 153, 129, 108,90101511062
  96,  99, 116, 141, 167, 185, 191, 187, 174, 154, 131, 110,90101511071
  98, 102, 120, 148, 175, 194, 204, 204, 193, 173, 147, 119,90101511072
  99,  92, 101, 126, 158, 188, 209, 216, 210, 192, 166, 136,90101511081
 111,  98, 104, 128, 163, 197, 220, 227, 219, 197, 166, 129,90101511082
  96,  73,  70,  88, 123, 164, 198, 218, 221, 208, 182, 149,90101511091
 115,  91,  84,  99, 133, 174, 209, 228, 229, 213, 183, 144,90101511092
 103,  68,  52,  60,  92, 137, 179, 208, 219, 214, 194, 163,90101511101
 125,  90,  69,  73, 101, 144, 187, 217, 228, 219, 193, 154,90101511102
 109,  68,  41,  37,  61, 105, 153, 191, 213, 219, 210, 185,90101511111
 148, 107,  76,  66,  83, 121, 165, 201, 222, 224, 207, 173,90101511112
 128,  82,  44,  26,  35,  70, 119, 165, 198, 214, 215, 198,90101511121
 166, 124,  86,  64,  68,  97, 140, 182, 213, 224, 216, 189,90101511122
 148, 101,  56,  26,  20,  44,  89, 142, 185, 211, 221, 215,90101511131
 193, 158, 118,  87,  78,  95, 132, 175, 210, 231, 233, 217,90101511132
 183, 138,  91,  52,  33,  42,  79, 130, 180, 215, 233, 234,90101511141
 219, 188, 149, 113,  92,  94, 119, 159, 201, 231, 243, 235,90101511142
 209, 168, 120,  75,  44,  36,  57,  98, 147, 187, 213, 224,90101511151
 220, 201, 168, 131, 100,  88, 100, 130, 169, 204, 224, 226,90101511152
 212, 181, 141,  97,  60,  39,  43,  72, 116, 159, 191, 208,90101511161
 214, 207, 187, 156, 123, 100,  96, 112, 144, 180, 208, 221,90101511162
 217, 198, 167, 131,  94,  65,  52,  61,  90, 131, 169, 196,90101511171
 210, 211, 201, 181, 153, 125, 107, 104, 118, 145, 175, 198,90101511172
 208, 202, 183, 155, 123,  93,  70,  61,  72, 101, 137, 169,90101511181
 190, 199, 200, 192, 174, 149, 124, 108, 106, 118, 140, 163,90101511182
 181, 189, 183, 166, 142, 115,  90,  70,  63,  72,  97, 128,90101511191
 157, 176, 186, 188, 183, 169, 148, 126, 110, 105, 112, 129,90101511192
 152, 174, 188, 190, 180, 161, 138, 114,  94,  83,  85, 103,90101511201
 130, 158, 178, 189, 193, 190, 178, 157, 131, 108,  94,  95,90101511202
 110, 134, 161, 182, 191, 188, 172, 150, 124, 101,  85,  82,90101511211
  95, 120, 149, 175, 193, 201, 200, 187, 161, 129,  97,  75,90101511212
  71,  87, 118, 154, 184, 201, 201, 187, 163, 132, 103,  81,90101511221
  75,  86, 113, 148, 179, 201, 211, 208, 189, 155, 114,  75,90101511222
  50,  47,  69, 109, 154, 189, 209, 213, 201, 176, 142, 107,90101511231
  81,  74,  89, 123, 164, 199, 222, 231, 222, 195, 153, 103,90101511232
  59,  33,  35,  65, 113, 162, 199, 219, 223, 211, 183, 143,90101511241
 101,  72,  64,  82, 122, 169, 211, 235, 239, 220, 182, 132,90101511242
  79,  35,  13,  23,  64, 119, 172, 210, 231, 234, 218, 182,90101511251
 135,  93,  69,  73, 103, 150, 197, 232, 249, 246, 223, 181,90101511252
 128,  74,  32,  16,  33,  80, 140, 193, 228, 244, 240, 218,90101511261
 178, 131,  90,  70,  78, 113, 164, 212, 244, 254, 241, 210,90101511262
 164, 109,  54,  12,   0,  23,  77, 142, 197, 231, 241, 229,90101511271
 200, 158, 112,  76,  63,  79, 120, 171, 214, 240, 244, 226,90101511272
 189, 138,  83,  33,   3,   5,  41,  98, 156, 199, 223, 228,90101511281
 215, 185, 142,  99,  72,  70,  94, 136, 180, 213, 228, 224,90101511282
 201, 163, 115,  65,  25,   9,  25,  68, 122, 168, 199, 215,90101511291
 216, 200, 169, 130,  96,  79,  87, 116, 155, 192, 215, 221,90101511292
 210, 184, 146, 104,  64,  36,  30,  52,  95, 143, 182, 206,90101511301
 215, 211, 192, 162, 128, 103,  96, 108, 136, 169, 199, 216,90101511302
 216, 201, 174, 139, 102,  69,  51,  54,  79, 119, 158, 186,90101512011
 200, 202, 194, 175, 148, 121, 103, 101, 115, 141, 169, 191,90101512012
 201, 197, 183, 160, 132, 103,  79,  70,  79, 106, 140, 170,90101512021
 190, 199, 200, 193, 176, 152, 130, 117, 118, 132, 152, 175,90101512022
 194, 204, 201, 185, 161, 135, 111,  93,  84,  89, 106, 133,90101512031
 163, 186, 198, 197, 186, 170, 152, 135, 122, 118, 122, 131,90101512032
 142, 151, 156, 158, 154, 144, 128, 110,  95,  88,  93, 110,90101512041
 133, 154, 170, 178, 178, 172, 161, 144, 125, 109, 102, 105,90101512042
 115, 130, 145, 159, 166, 166, 157, 142, 125, 109, 100, 100,90101512051
 113, 133, 154, 170, 178, 179, 173, 161, 144, 122, 102,  90,90101512052
  88,  98, 118, 142, 162, 172, 171, 161, 145, 126, 109,  98,90101512061
  97, 110, 132, 156, 174, 182, 181, 171, 155, 132, 106,  83,90101512062
  70,  70,  86, 114, 144, 167, 178, 178, 167, 149, 126, 103,90101512071
  89,  90, 107, 134, 163, 185, 194, 191, 176, 151, 121,  90,90101512072
  65,  53,  61,  86, 123, 157, 180, 190, 186, 173, 150, 122,90101512081
  96,  81,  84, 106, 139, 171, 194, 202, 194, 173, 141, 104,90101512082
  68,  42,  36,  53,  90, 135, 172, 193, 197, 189, 171, 143,90101512091
 112,  86,  77,  91, 122, 160, 192, 211, 213, 199, 170, 130,90101512092
  88,  52,  33,  39,  69, 114, 158, 190, 209, 214, 203, 178,90101512101
 143, 109,  89,  93, 119, 158, 196, 224, 237, 235, 216, 182,90101512102
 138,  93,  60,  48,  64, 103, 153, 196, 222, 231, 224, 202,90101512111
 167, 126,  91,  74,  82, 112, 154, 196, 223, 229, 213, 179,90101512112
 133,  85,  43,  19,  20,  51,  99, 150, 189, 212, 219, 210,90101512121
 184, 146, 105,  77,  72,  94, 135, 179, 214, 231, 229, 206,90101512122
 168, 119,  70,  31,  15,  29,  70, 123, 171, 204, 220, 221,90101512131
 204, 172, 132,  95,  74,  79, 108, 152, 195, 224, 234, 223,90101512132
 194, 150, 100,  55,  24,  21,  46,  93, 143, 185, 211, 223,90101512141
 220, 200, 164, 124,  92,  83,  99, 134, 177, 213, 234, 236,90101512142
 219, 186, 142,  96,  58,  38,  44,  77, 125, 173, 208, 227,90101512151
 231, 219, 192, 156, 120,  97,  94, 113, 148, 187, 218, 232,90101512152
 227, 205, 171, 131,  90,  57,  42,  52,  87, 135, 177, 206,90101512161
 217, 215, 200, 174, 141, 111,  94,  95, 115, 149, 184, 210,90101512162
 220, 212, 189, 156, 118,  82,  55,  46,  61,  95, 137, 172,90101512171
 192, 198, 194, 180, 157, 128, 101,  85,  85, 103, 132, 164,90101512172
 188, 197, 190, 169, 140, 108,  79,  59,  56,  73, 105, 141,90101512181
 170, 186, 192, 189, 176, 153, 125, 101,  86,  85,  98, 121,90101512182
 149, 172, 183, 179, 163, 139, 113,  89,  72,  70,  83, 110,90101512191
 140, 165, 180, 186, 185, 175, 156, 130, 103,  84,  78,  87,90101512192
 109, 138, 164, 180, 182, 172, 155, 133, 110,  93,  87,  95,90101512201
 116, 144, 169, 187, 196, 197, 187, 167, 140, 110,  87,  75,90101512202
  80, 100, 132, 164, 188, 197, 192, 177, 155, 131, 110,  99,90101512211
 103, 121, 149, 177, 198, 208, 207, 195, 172, 141, 105,  74,90101512212
  56,  60,  85, 124, 162, 190, 203, 202, 190, 167, 139, 112,90101512221
  96,  97, 117, 147, 179, 204, 217, 217, 203, 174, 134,  92,90101512222
  57,  40,  47,  79, 125, 168, 199, 214, 215, 204, 179, 146,90101512231
 115,  97, 101, 124, 160, 195, 220, 231, 227, 206, 170, 125,90101512232
  79,  42,  27,  40,  79, 129, 176, 208, 224, 224, 208, 178,90101512241
 141, 108,  91,  98, 126, 166, 205, 233, 244, 236, 209, 166,90101512242
 115,  65,  28,  17,  38,  84, 139, 185, 215, 227, 223, 203,90101512251
 168, 128,  95,  79,  89, 123, 168, 209, 236, 241, 227, 193,90101512252
 147,  94,  45,  13,  11,  42,  95, 152, 196, 222, 230, 222,90101512261
 195, 156, 114,  85,  79, 101, 141, 187, 225, 244, 242, 219,90101512262
 180, 129,  76,  32,  11,  21,  61, 117, 168, 204, 222, 224,90101512271
 208, 176, 133,  94,  71,  76, 105, 148, 190, 219, 230, 221,90101512272
 194, 153, 102,  54,  19,   9,  31,  79, 135, 182, 211, 221,90101512281
 213, 188, 150, 108,  76,  64,  78, 113, 157, 195, 217, 220,90101512282
 204, 172, 129,  82,  40,  15,  17,  49, 100, 151, 186, 204,90101512291
 206, 194, 169, 133,  97,  74,  72,  94, 130, 168, 197, 211,90101512292
 207, 187, 155, 115,  75,  44,  32,  46,  83, 128, 167, 193,90101512301
 204, 202, 187, 158, 124,  95,  82,  90, 115, 149, 179, 199,90101512302
 204, 194, 172, 142, 108,  78,  58,  57,  78, 115, 154, 184,90101512311
 199, 202, 193, 173, 144, 114,  92,  84,  93, 115, 143, 169,90101512312
